















INSERT INTO Vehiculo (Placa, marca, linea, modelo, centrocosto, combustible, activo) VALUES ('ABC123', 'Toyota', 'Corolla', '2023', 'CentroCosto1', 'Gasolina', 1);
INSERT INTO Vehiculo (Placa, marca, linea, modelo, centrocosto, combustible, activo) VALUES ('DEF456', 'Ford', 'Focus', '2022', 'CentroCosto2', 'Diesel', 0);
INSERT INTO Vehiculo (Placa, marca, linea, modelo, centrocosto, combustible, activo) VALUES ('GHI789', 'Honda', 'Civic', '2024', 'CentroCosto3', 'Gasolina', 1);
INSERT INTO Vehiculo (Placa, marca, linea, modelo, centrocosto, combustible, activo) VALUES ('JKL012', 'Chevrolet', 'Cruze', '2023', 'CentroCosto4', 'Gasolina', 0);
INSERT INTO Vehiculo (Placa, marca, linea, modelo, centrocosto, combustible, activo) VALUES ('MNO345', 'Volkswagen', 'Golf', '2022', 'CentroCosto5', 'Diesel', 1);
INSERT INTO Vehiculo (Placa, marca, linea, modelo, centrocosto, combustible, activo) VALUES ('PQR678', 'Hyundai', 'Elantra', '2024', 'CentroCosto6', 'Gasolina', 0);
INSERT INTO Vehiculo (Placa, marca, linea, modelo, centrocosto, combustible, activo) VALUES ('STU901', 'BMW', 'Series 3', '2023', 'CentroCosto7', 'Gasolina', 1);
INSERT INTO Vehiculo (Placa, marca, linea, modelo, centrocosto, combustible, activo) VALUES ('VWX234', 'Mercedes-Benz', 'CLA', '2022', 'CentroCosto8', 'Diesel', 0);
INSERT INTO Vehiculo (Placa, marca, linea, modelo, centrocosto, combustible, activo) VALUES ('YZA567', 'Audi', 'A4', '2024', 'CentroCosto9', 'Gasolina', 1);
INSERT INTO Vehiculo (Placa, marca, linea, modelo, centrocosto, combustible, activo) VALUES ('BCD890', 'Kia', 'Optima', '2023', 'CentroCosto10', 'Gasolina', 0);




INSERT INTO Proveedor (idproveedor, nombre, direccion, telefono, correo, dv, activo) VALUES ('PROV001', 'Proveedor 1', 'Dirección 1', '1234567890', 'proveedor1@example.com', 1, 1);
INSERT INTO Proveedor (idproveedor, nombre, direccion, telefono, correo, dv, activo) VALUES ('PROV002', 'Proveedor 2', 'Dirección 2', '2345678901', 'proveedor2@example.com', 2, 1);
INSERT INTO Proveedor (idproveedor, nombre, direccion, telefono, correo, dv, activo) VALUES ('PROV003', 'Proveedor 3', 'Dirección 3', '3456789012', 'proveedor3@example.com', 3, 1);
INSERT INTO Proveedor (idproveedor, nombre, direccion, telefono, correo, dv, activo) VALUES ('PROV004', 'Proveedor 4', 'Dirección 4', '4567890123', 'proveedor4@example.com', 4, 1);
INSERT INTO Proveedor (idproveedor, nombre, direccion, telefono, correo, dv, activo) VALUES ('PROV005', 'Proveedor 5', 'Dirección 5', '5678901234', 'proveedor5@example.com', 5, 1);
INSERT INTO Proveedor (idproveedor, nombre, direccion, telefono, correo, dv, activo) VALUES ('PROV006', 'Proveedor 6', 'Dirección 6', '6789012345', 'proveedor6@example.com', 6, 1);
INSERT INTO Proveedor (idproveedor, nombre, direccion, telefono, correo, dv, activo) VALUES ('PROV007', 'Proveedor 7', 'Dirección 7', '7890123456', 'proveedor7@example.com', 7, 1);
INSERT INTO Proveedor (idproveedor, nombre, direccion, telefono, correo, dv, activo) VALUES ('PROV008', 'Proveedor 8', 'Dirección 8', '8901234567', 'proveedor8@example.com', 8, 1);
INSERT INTO Proveedor (idproveedor, nombre, direccion, telefono, correo, dv, activo) VALUES ('PROV009', 'Proveedor 9', 'Dirección 9', '9012345678', 'proveedor9@example.com', 9, 1);
INSERT INTO Proveedor (idproveedor, nombre, direccion, telefono, correo, dv, activo) VALUES ('PROV010', 'Proveedor 10', 'Dirección 10', '0123456789', 'proveedor10@example.com', 0, 1);



INSERT INTO Persona (idpersona, nombre, direccion, telefono, correo, activo) VALUES ('P001', 'Juan Perez', 'Calle 123', '1234567890', 'juan@example.com', 1);
INSERT INTO Persona (idpersona, nombre, direccion, telefono, correo, activo) VALUES ('P002', 'María Lopez', 'Avenida 456', '2345678901', 'maria@example.com', 1);
INSERT INTO Persona (idpersona, nombre, direccion, telefono, correo, activo) VALUES ('P003', 'Pedro Rodriguez', 'Carrera 789', '3456789012', 'pedro@example.com', 1);
INSERT INTO Persona (idpersona, nombre, direccion, telefono, correo, activo) VALUES ('P004', 'Laura Gomez', 'Pasaje 1011', '4567890123', 'laura@example.com', 1);
INSERT INTO Persona (idpersona, nombre, direccion, telefono, correo, activo) VALUES ('P005', 'Carlos Sanchez', 'Plaza 1213', '5678901234', 'carlos@example.com', 1);
INSERT INTO Persona (idpersona, nombre, direccion, telefono, correo, activo) VALUES ('P006', 'Ana Martinez', 'Ruta 1415', '6789012345', 'ana@example.com', 1);
INSERT INTO Persona (idpersona, nombre, direccion, telefono, correo, activo) VALUES ('P007', 'Luisa Herrera', 'Bulevar 1617', '7890123456', 'luisa@example.com', 1);
INSERT INTO Persona (idpersona, nombre, direccion, telefono, correo, activo) VALUES ('P008', 'Jorge Ramirez', 'Camino 1819', '8901234567', 'jorge@example.com', 1);
INSERT INTO Persona (idpersona, nombre, direccion, telefono, correo, activo) VALUES ('P009', 'Sofía Castro', 'Sendero 2021', '9012345678', 'sofia@example.com', 1);
INSERT INTO Persona (idpersona, nombre, direccion, telefono, correo, activo) VALUES ('P010', 'Daniel Torres', 'Autopista 2223', '0123456789', 'daniel@example.com', 1);



INSERT INTO ordentrabajo (vehiculo_id, fechaorden, fechacierre, proveedor_id, odometro, persona_id, activo) VALUES (1, '2024-05-20', '2024-05-21', 1, 10000, 1, 1);
INSERT INTO ordentrabajo (vehiculo_id, fechaorden, fechacierre, proveedor_id, odometro, persona_id, activo) VALUES (2, '2024-05-21', '2024-05-22', 2, 10500, 2, 1);
INSERT INTO ordentrabajo (vehiculo_id, fechaorden, fechacierre, proveedor_id, odometro, persona_id, activo) VALUES (3, '2024-05-22', '2024-05-23', 3, 11000, 3, 1);
INSERT INTO ordentrabajo (vehiculo_id, fechaorden, fechacierre, proveedor_id, odometro, persona_id, activo) VALUES (4, '2024-05-23', '2024-05-24', 4, 11500, 4, 1);
INSERT INTO ordentrabajo (vehiculo_id, fechaorden, fechacierre, proveedor_id, odometro, persona_id, activo) VALUES (5, '2024-05-24', '2024-05-25', 5, 12000, 5, 1);
INSERT INTO ordentrabajo (vehiculo_id, fechaorden, fechacierre, proveedor_id, odometro, persona_id, activo) VALUES (6, '2024-05-25', '2024-05-26', 6, 12500, 6, 1);
INSERT INTO ordentrabajo (vehiculo_id, fechaorden, fechacierre, proveedor_id, odometro, persona_id, activo) VALUES (7, '2024-05-26', '2024-05-27', 7, 13000, 7, 1);
INSERT INTO ordentrabajo (vehiculo_id, fechaorden, fechacierre, proveedor_id, odometro, persona_id, activo) VALUES (8, '2024-05-27', '2024-05-28', 8, 13500, 8, 1);
INSERT INTO ordentrabajo (vehiculo_id, fechaorden, fechacierre, proveedor_id, odometro, persona_id, activo) VALUES (9, '2024-05-28', '2024-05-29', 9, 14000, 9, 1);
INSERT INTO ordentrabajo (vehiculo_id, fechaorden, fechacierre, proveedor_id, odometro, persona_id, activo) VALUES (10, '2024-05-29', '2024-05-30', 10, 14500, 10, 1);



INSERT INTO Trabajo (codigo, nombre, tipo, periodicidad, cuentacontable, activo, id_ordendetrabajo) VALUES ('TRAB001', 'Mantenimiento de frenos', 'Preventivo', 5000, 'CuentaContable1', 1, 1);
INSERT INTO Trabajo (codigo, nombre, tipo, periodicidad, cuentacontable, activo, id_ordendetrabajo) VALUES ('TRAB002', 'Cambio de aceite', 'Correctivo', 6000, 'CuentaContable2', 1, 2);
INSERT INTO Trabajo (codigo, nombre, tipo, periodicidad, cuentacontable, activo, id_ordendetrabajo) VALUES ('TRAB003', 'Inspección de neumáticos', 'Preventivo', 7000, 'CuentaContable3', 1, 3);
INSERT INTO Trabajo (codigo, nombre, tipo, periodicidad, cuentacontable, activo, id_ordendetrabajo) VALUES ('TRAB004', 'Revisión de sistema de frenos', 'Correctivo', 8000, 'CuentaContable4', 1, 3);
INSERT INTO Trabajo (codigo, nombre, tipo, periodicidad, cuentacontable, activo, id_ordendetrabajo) VALUES ('TRAB005', 'Cambio de filtros', 'Preventivo', 9000, 'CuentaContable5', 1, 5);
INSERT INTO Trabajo (codigo, nombre, tipo, periodicidad, cuentacontable, activo, id_ordendetrabajo) VALUES ('TRAB006', 'Alineación y balanceo', 'Correctivo', 10000, 'CuentaContable6', 1, 6);
INSERT INTO Trabajo (codigo, nombre, tipo, periodicidad, cuentacontable, activo, id_ordendetrabajo) VALUES ('TRAB007', 'Reemplazo de bujías', 'Preventivo', 11000, 'CuentaContable7', 1, 7);
INSERT INTO Trabajo (codigo, nombre, tipo, periodicidad, cuentacontable, activo, id_ordendetrabajo) VALUES ('TRAB008', 'Diagnóstico electrónico', 'Correctivo', 12000, 'CuentaContable8', 1, 8);
INSERT INTO Trabajo (codigo, nombre, tipo, periodicidad, cuentacontable, activo, id_ordendetrabajo) VALUES ('TRAB009', 'Lavado y encerado', 'Preventivo', 13000, 'CuentaContable9', 1, 8);
INSERT INTO Trabajo (codigo, nombre, tipo, periodicidad, cuentacontable, activo, id_ordendetrabajo) VALUES ('TRAB010', 'Revisión de luces', 'Preventivo', 14000, 'CuentaContable10', 1, 10);


INSERT INTO Repuesto (codigoR, nombre, unidad, referencia, cuentacontable, activo) VALUES ('REP001', 'Filtro de aceite', 'Unidad', 'REF001', 'Cuenta1', 1);
INSERT INTO Repuesto (codigoR, nombre, unidad, referencia, cuentacontable, activo) VALUES ('REP002', 'Filtro de aire', 'Unidad', 'REF002', 'Cuenta2', 1);
INSERT INTO Repuesto (codigoR, nombre, unidad, referencia, cuentacontable, activo) VALUES ('REP003', 'Bujías', 'Unidad', 'REF003', 'Cuenta3', 1);
INSERT INTO Repuesto (codigoR, nombre, unidad, referencia, cuentacontable, activo) VALUES ('REP004', 'Aceite de motor', 'Litro', 'REF004', 'Cuenta4', 1);
INSERT INTO Repuesto (codigoR, nombre, unidad, referencia, cuentacontable, activo) VALUES ('REP005', 'Pastillas de freno', 'Juego', 'REF005', 'Cuenta5', 1);
INSERT INTO Repuesto (codigoR, nombre, unidad, referencia, cuentacontable, activo) VALUES ('REP006', 'Neumático', 'Unidad', 'REF006', 'Cuenta6', 1);
INSERT INTO Repuesto (codigoR, nombre, unidad, referencia, cuentacontable, activo) VALUES ('REP007', 'Líquido de frenos', 'Litro', 'REF007', 'Cuenta7', 1);
INSERT INTO Repuesto (codigoR, nombre, unidad, referencia, cuentacontable, activo) VALUES ('REP008', 'Batería', 'Unidad', 'REF008', 'Cuenta8', 1);
INSERT INTO Repuesto (codigoR, nombre, unidad, referencia, cuentacontable, activo) VALUES ('REP009', 'Parabrisas', 'Unidad', 'REF009', 'Cuenta9', 1);
INSERT INTO Repuesto (codigoR, nombre, unidad, referencia, cuentacontable, activo) VALUES ('REP010', 'Espejo retrovisor', 'Unidad', 'REF010', 'Cuenta10', 1);


INSERT INTO trabajo_repuesto (trabajo_id, repuesto_id) VALUES (1, 1);
INSERT INTO trabajo_repuesto (trabajo_id, repuesto_id) VALUES (2, 2);
INSERT INTO trabajo_repuesto (trabajo_id, repuesto_id) VALUES (3, 3);
INSERT INTO trabajo_repuesto (trabajo_id, repuesto_id) VALUES (4, 4);
INSERT INTO trabajo_repuesto (trabajo_id, repuesto_id) VALUES (5, 5);
INSERT INTO trabajo_repuesto (trabajo_id, repuesto_id) VALUES (6, 6);
INSERT INTO trabajo_repuesto (trabajo_id, repuesto_id) VALUES (7, 7);
INSERT INTO trabajo_repuesto (trabajo_id, repuesto_id) VALUES (8, 8);
INSERT INTO trabajo_repuesto (trabajo_id, repuesto_id) VALUES (9, 9);
INSERT INTO trabajo_repuesto (trabajo_id, repuesto_id) VALUES (10, 10);


























